species,source,hashtag,caption,location_tag,extracted_locations,date,link,likes,comments
Tor kudree,Instagram_instagrapi_Free,torkhudree,"#torkhudree #torremadevii
#malabarmahseer #putitormahseer
#neolissochilussoroides #NeolissochilusStracheyi
#Badlapur #badlapurkar
#photos #india #badlapurkar_ 😄👌🏻👌🏻😊",,None detected,2025-09-26,https://www.instagram.com/p/DPDRJHxE0fi/,3,1
Tor kudree,Instagram_instagrapi_Free,torkhudree,"(Temple Guardians of the Tunga — Sringeri)

In the sacred waters of the Tunga River flowing beside the Sringeri Sharada Peetham, native freshwater fish live in rare harmony with people and tradition. Species like the powerful Deccan Mahseer (Tor khudree), Malabar Mahseer (Tor Malabaricus), Hypselobarbus varieties, and resilient Catfish such as Wallago attu and Mystus thrive here.

A beautiful ritu...",Sringeri Sharada Peetham,Tunga,2025-06-11,https://www.instagram.com/p/DKw_a2ZPY7J/,5,0
Tor kudree,Instagram_instagrapi_Free,torkhudree,"(Temple Guardians of the Tunga — Sringeri)

In the sacred waters of the Tunga River flowing beside the Sringeri Sharada Peetham, native freshwater fish live in rare harmony with people and tradition. Species like the powerful Deccan Mahseer (Tor khudree), Malabar Mahseer (Tor Malabaricus), Hypselobarbus varieties, and resilient Catfish such as Wallago attu and Mystus thrive here.

A beautiful ritu...",Sringeri Sharada Peetham,Tunga,2025-06-11,https://www.instagram.com/p/DKxADhAve8M/,19,1
Tor kudree,Instagram_instagrapi_Free,torkhudree,"I caught Tor khudree. Good fight❗️

ブルーフィンマシールを釣った。
日中激渋、夕まずめで好調❗️

#india 
#karnataka 
#fishing 
#torkhudree",,Karnataka,2025-02-09,https://www.instagram.com/p/DF2w8Bnpt2D/,7,0
Tor kudree,Instagram_instagrapi_Free,torkhudree,"Ritigaha Oya 🏞️
#ritigahaoya #river #torkhudree #nativefish #alawathura #bulathkohupitiya #kegalle #kelaniriver #kelaniriverbasin #tributary #nature #naturephotography #mobilephotography #travelphotography #travel #srilanka","Alawatura, Sri Lanka",None detected,2024-02-18,https://www.instagram.com/p/C3fgrc9P-sy/,22,0
Tor kudree,Instagram_instagrapi_Free,torkhudree,"A photo that spans 50 years of mahseer conservation. 

Today's mahseer conservationists in the Cauvery meet India's celebrated mahseer breeder. WASI guards at the Shivanasamudram Fish Sanctuary were ecstatic to meet Dr. Shashank Ogale from the TATA group, who has worked tirelessly to develop protocols to breed mahseer in the Picturesque Lonavala Mahseer Hatchery in Pune. 

A special mention to Mr....",Cauvery Wildlife Sanctuary,Cauvery,2023-12-05,https://www.instagram.com/p/C0dVwI4S_rn/,168,0
Tor kudree,Instagram_instagrapi_Free,torkhudree,"Bluefin mahseer photographed by @joshua_w_barton 
. 
. 
. 
. 
. 
. 
. 
. 
. 
#mahseer #savemahseer #kaveri #cauvery #dubareelephantcamp #cauverycalling #bengalurudiaries #bangalore #tor #torkhudree #wildkarnataka #incredibleindia  #earthcapture #bbcearth #underwaterphotography #freshwater",Cauvery River,"Karnataka, Cauvery",2023-09-17,https://www.instagram.com/p/CxSJfa_SXq9/,188,1
Tor kudree,Instagram_instagrapi_Free,torkhudree,"9"" Tor khudree/Deccan Mahseer with extreme median lobe (goatee if you will). 1 of the rarer type of polymorphism in mahseer species. 

#tor #torkhudree #deccanmahseer #mahseer #indianfish #fish #freshwaterfish #cyprinidae #ikan #kelah #malaysia #aquariumfish #fishtank #fishphotography #beautifulfish #rarefish",,None detected,2023-07-02,https://www.instagram.com/p/CuMeZEQSYzK/,29,4
Tor kudree,Instagram_instagrapi_Free,torkhudree,"Deccan Mahseer (Tor khudree) from India. Possibly Western Ghats. I've been searching for these for a long time & finally I've imported them myself.

#tor #torkhudree #deccanmahseer #mahseer #indianfish #fish #freshwaterfish #cyprinidae #ikan #kelah #malaysia #aquariumfish #fishtank #fishphotography #beautifulfish #rarefish",,"Western Ghats, Western Ghat",2023-06-21,https://www.instagram.com/p/CtwFKVOSNIu/,27,3
Tor kudree,Instagram_instagrapi_Free,torkhudree,"@wasiindia in search of young Humpback Mahseer. With more young recruits, lies hope for survival of the species which have been declared Critically Endangered. Here's hoping the little ones grow up to be the giants that once roamed the Cauvery in abundance. 

Reposted via @wasiindia

Our search for the humpback mahseer has been a challenge, but one that has been made truly successful by several vo...",,Cauvery,2023-02-15,https://www.instagram.com/p/Coq2OQYApRE/,56,0
Tor kudree,Instagram_instagrapi_Free,torkhudree,"Our search for the humpback mahseer has been a challenge, but one that has been made truly successful by several volunteers braving very harsh conditions. 

This year, we are diving right into the young-of-year (YOY), to see what secrets these little torpedoes have to reveal about natural recruitment among the mahseer of the Cauvery. 

Stay tuned for updates on our YOY surveys. 
.
.
.
.
.
.
.
.
.
...",Cauvery Wildlife Sanctuary,Cauvery,2023-02-15,https://www.instagram.com/p/Coqpj6BoxZJ/,214,1
Tor kudree,Instagram_instagrapi_Free,torkhudree,"Tor khudree and Tor remadevii in its natural habitat 💚 
#mahseer #torkhudree #torremadevii",Karnataka,Karnataka,2022-12-29,https://www.instagram.com/p/CmwutC0hqbc/,15,0
Tor kudree,Instagram_instagrapi_Free,torkhudree,"Biodiversity Conservation has been a top priority for Tata Power and one such species has been the Mahaseer fish. On the verge of extinction, Tata Power stepped forward to correct this biological imbalance and has created a success story of conservation.

Credits : @tatapowercompanyltd

#biodiversity #conservation #top #priorities #tata #tatapower #one #endangeredspecies #mahaseer #torkhudree #bio...",,None detected,2022-04-09,https://www.instagram.com/p/CcHtej5hBZw/,2,0
Tor kudree,Instagram_instagrapi_Free,torkhudree,"Early fish gets the grub
.
.
.
.
.
.
.
.
.
.
#kelah #mahseer #tengas #torkhudree #riverfish #pondfish #pondlife #fish #fishlover #feedingtime #feedingfrenzy #slomo #underwatervideo #underwater",,None detected,2020-05-13,https://www.instagram.com/p/CAHbOUGpcWH/,32,0
Tor kudree,Instagram_instagrapi_Free,torkhudree,"Mahseer, Kelah, Tengas enjoying lunch .
.
.
.
.
.
.
.
.
#mahseer #kelah #tengas #torkhudree #neoheter #hikari #fish #ikan #riverfish #pond #pondfish #pondlife #fishlife #fisharefriendsnotfood #fornow",,None detected,2020-05-08,https://www.instagram.com/p/B_6v2JdJu-E/,17,0
Tor kudree,Instagram_instagrapi_Free,torkhudree,"After a few attempts, managed to get the perfect Slomo of the fish piercing through the surface to catch the superworm.
.
.
.
.
.
.
.
.
.
.
.
.
#mahseer #kelah #kelahbara #mahseer #bluemekong #torkhudree #torputitora #tortor #neo #tengas #superworm #fish #fishfeeding #fishhunter #fishes #earlyfishcatchestheworm #slomo #slomotion #superslomo #superworm #mealworm #pond #river #riverfish #rarefish",,None detected,2020-04-27,https://www.instagram.com/p/B_ePQrlJGDm/,22,0
Tor kudree,Instagram_instagrapi_Free,torkhudree,#superworm #mealworm #mahseer #kelah #torkhudree #tortor #torputitora #riverfish #pondfish #rarefish #kingoftheriver,,None detected,2020-04-22,https://www.instagram.com/p/B_Risyupf4M/,12,1
Tor kudree,Instagram_instagrapi_Free,torkhudree,"Perfect lighting conditions to see the fishes colours. Insta filter set on lofi
.
.
.
.
.
.
.
.
.
.
.
.
#kelah #mahseer #torputitora #torkhudree #kelahbara #empurau #rare #rarefish #riverfish #pondfish #bangsar #malaysianriverfish",,None detected,2020-04-06,https://www.instagram.com/p/B-oB7rFJP8t/,15,2
Tor kudree,Instagram_instagrapi_Free,torkhudree,"Mealworms feast
.
.
.
.
.
.
.
.
.
#mahseer #kelah #empurau #torkhudree #goldenmahseer #mekongblue #rarefish #riverfish #malaysianriverfish #mealworm",,None detected,2020-03-04,https://www.instagram.com/p/B9UD4hAJQLf/,42,0
Tor kudree,Instagram_instagrapi_Free,torkhudree,"Sun's out on a Sunday afternoon and the fishes are showing off their true colours .
.
.
.
.
.
.
.
.
#empurau #mahseer #kelah #torkhudree #torputitora #sinesis #kelahbara #kelahbiru #bluemahseer #bluemekong #goldenmahseer #riverfish #rareriverfish #malaysiangoldmahseer #malaysianriverfish",,None detected,2020-03-01,https://www.instagram.com/p/B9LdQuEpARJ/,21,0
Tor kudree,Instagram_instagrapi_Free,torkhudree,"Training the fish babies to eat out of hand .
.
.
.
.
.
.
#kelah #empurau #mahseer #torkhudree #torputitora #kelahbirumalim #kelahbara #kelahendau #bluemekong #tengas #neo #riverfish #rarefish #malaysianriverfish #goldmahseer #kelahemasmalaysia",,None detected,2020-02-26,https://www.instagram.com/p/B9CJ2cLIwxf/,37,0
Tor kudree,Instagram_instagrapi_Free,torkhudree,"Hungry hungry hungry .
.
.
.
.
.
.
.
#mahseer #kelah #kelahbara #tengas #neo #tor #torkhudree #torputitora #riverfish #rarefish #pondfish #hikari",,None detected,2020-02-04,https://www.instagram.com/p/B8JKZKKpG6J/,15,0
Tor kudree,Instagram_instagrapi_Free,torkhudree,"Hungry for food and attention
.
.
.
.
.
.
.
.
.
.
.
#kelah #mahseer #riverfish #malaysianriverfish #rarefish #torkhudree #torputitora #bluemekong #bluekelah #goldenmahseer #goldkelah #kelahbara #pond #kelahbirumalim #kelahbangsar",,None detected,2020-01-29,https://www.instagram.com/p/B76VcyBJC4a/,52,0
Tor kudree,Instagram_instagrapi_Free,torkhudree,"First outing of the year, went after mahseers instead of my usual quarry. This trip taught me a lot of lessons about fishing! Will head back there again for sure. Sorry don’t have a better photo. Thank you @raghuramgb for introducing this awesome place and people. #torkhudree #indianmahseer #stcroixrods #cauveryfishing #freshwaterfishing #freshwaterlurefishing #lurefishingindia #indialurefishing #...",,Cauvery,2020-01-21,https://www.instagram.com/p/B7kQA3fp-MZ/,124,11
Tor kudree,Instagram_instagrapi_Free,torkhudree,"Let it snow
Let it snow 
In slomo
.
.
.
.
.
.
.
.
.
.
.
.
#mahseer #kelah #torkhudree #kelahemas #kelahbirumalim #kelahbiruendau #kelahbara #indiamahseer #empurau #feedingtime #letitsnow #slomo #underwaterphotography #underwatervideo",,None detected,2019-12-20,https://www.instagram.com/p/B6SHFgMpMzE/,25,0
Tor kudree,Instagram_instagrapi_Free,torkhudree,"Blue Himalayan Mahseer (Tor Khudree) and Malim Blue Kelah added to the pond
.
.
.
.
.
.
.
.
.
#torkhudree #bluemahseer #bluekelah #kelah #mahseer #kelahbangsar #kelahbirumalim #riverfish #rarefish",,None detected,2019-12-15,https://www.instagram.com/p/B6GLRVgp39d/,6,0
Tor kudree,Instagram_instagrapi_Free,torkhudree,@anglersquadkochi -  Rare Species 🐟malabar  mahseer🐟  tor malabaricus 🐟 caught on mepps agila spinner . @amo8525  #tormalabaricus #torkhudree  #mahseer  #catchandrelease  #mepps #keralafishing  #indiafishing #fishingkerala #backwaterfishingkerala,,Kerala,2019-04-26,https://www.instagram.com/p/Bwugx2egZfm/,9,0
Tor kudree,Instagram_instagrapi_Free,torkhudree,My fucking 200cm tank😍👍 #mfk #channamarulioides #torkhudree #hampala #rtc #perunocatfish #pacu #fireell,,None detected,2018-07-24,https://www.instagram.com/p/BlnvLlPHA2j/,4,1
Tor kudree,Instagram_instagrapi_Free,torkhudree,Rare Species 🐟malabar  mahseer🐟  tor malabaricus 🐟 caught on mepps agila spinner . @amo8525  #tormalabaricus #torkhudree  #mahseer  #catchandrelease  #mepps #keralafishing  #indiafishing #fishingkerala #backwaterfishingkerala,,Kerala,2018-07-12,https://www.instagram.com/p/BlILDYzh9lS/,49,6
Tor kudree,Instagram_instagrapi_Free,torkhudree,My Tor Collection #tortambroides #torkhudree #torputitora #jelawat #kelahmerah #kelahhimalaya #kelahindia,,None detected,2015-01-08,https://www.instagram.com/p/xlpEYVrqVC/,20,1
Tor malabaricus,Instagram_instagrapi_Free,keralafish,"ഫ്രഷ് വിള മീൻ എത്തിയിട്ടുണ്ട് 🐟🔥
കടലിൽ നിന്ന് ഇന്ന് എത്തിയ Fresh Vila Fish
നല്ല ഫ്രഷ് മീൻ – കറി, ഫ്രൈ എല്ലാം super taste 😋
ഇങ്ങനെ daily fresh catch മീനുകൾ ലഭിക്കും Kadal Fresh ൽ.
📍 Location: Irinjalakuda
🐟 Fresh Fish | Clean Cutting | Quality Fish
Kadal Fresh – Freshness from Sea to Home

#vilafish #freshfish #keralafish #seafoodkerala #fishmarket freshcatch dailycatch seafoodlover fishreels keral...",Irinjalakuda,Kerala,2026-03-13,https://www.instagram.com/p/DV0DKcVk6Vu/,12,0
Tor malabaricus,Instagram_instagrapi_Free,keralafish,"ഇന്ന് മുനമ്പം ഹാർബറിൽ വന്ന ഫ്രഷ് മോദ മീനുകൾ 🐟🔥
കടലിൽ നിന്ന് ഇന്ന് പുലർച്ചെ എത്തിയ Fresh Moda Fish
Munambam Harbour ൽ നിന്നുള്ള daily fresh catch.
നല്ല ഫ്രഷ് മീൻ – കറി, ഫ്രൈ എല്ലാം super taste 😋
📍 Munambam Harbour
🐟 Fresh Fish | Daily Catch | Quality Fish
Kadal Fresh – Freshness from Sea to Home 

#modafish #freshfish #munambamharbour #keralafish #seafoodkerala freshcatch fishmarket keralaseafood d...",Irinjalakuda,Kerala,2026-03-13,https://www.instagram.com/p/DVzwJf0k2iE/,45,4
Tor malabaricus,Instagram_instagrapi_Free,keralafish,"மீன்களை கேரளாவிற்கு ஏற்றுமதி செய்யும் பணியில் மீனவர்கள் மும்முரம் 
#Fishermen #ExportingFish #KeralaFish #FishExport #SeafoodIndustry #SustainableFishing #FishermanLife #FreshCatch #KeralaSeafood  #News7Tamil  #News7TamilUpdates",,Kerala,2026-03-10,https://www.instagram.com/p/DVtAxv7D8Gr/,869,16
Tor malabaricus,Instagram_instagrapi_Free,keralafish,"Comment ‘BLISS’ for Location and timings!!!
And suprising part is this is just for 100rs UNLIMITED FOOD!!!!!
Amazing quality, taste, very very reasonable

#NaviMumbaikars #keralasadhya😋 #keralafish #sadhya😋 #morucurry😋",,Kerala,2026-03-07,https://www.instagram.com/p/DVkokNZDJyg/,24,0
Tor malabaricus,Instagram_instagrapi_Free,keralafish,ഇന്ന് കുറച്ചു മീൻ മേടിച്ചു. ഊണിനു ചിക്കൻ ബീഫ് നേക്കാൾ ഒക്കെ ഇഷ്ടം മീൻ തന്നെ  #fishlovers #keralafish @highlight,,Kerala,2026-03-04,https://www.instagram.com/p/DVeu20ekQHA/,696,21
Tor malabaricus,Instagram_instagrapi_Free,keralafish,"##KeralaAquarium
#KeralaFish
#Perumbavoor
#Ernakulam
Kochi
KeralaBusiness
KeralaPets
Malayali
📈 Viral",,Kerala,2026-03-03,https://www.instagram.com/p/DVbDf4YgcgR/,3,0
Tor malabaricus,Instagram_instagrapi_Free,keralafish,"##KeralaAquarium
#KeralaFish
#Perumbavoor
#Ernakulam
Kochi
KeralaBusiness
KeralaPets
Malayali
📈 Viral",,Kerala,2026-03-03,https://www.instagram.com/p/DVbEcJYgd4e/,0,0
Tor malabaricus,Instagram_instagrapi_Free,keralafish,"##KeralaAquarium
#KeralaFish
#Perumbavoor
#Ernakulam
Kochi
KeralaBusiness
KeralaPets
Malayali
📈 Viral",,Kerala,2026-03-03,https://www.instagram.com/p/DVbDvDlAZTG/,2,0
Tor malabaricus,Instagram_instagrapi_Free,keralafish,"#KeralaAquarium
#KeralaFish
#Perumbavoor
#Ernakulam
#Kochi
KeralaBusiness
KeralaPets
Malayali
📈 Viral",,Kerala,2026-03-03,https://www.instagram.com/p/DVbFgfOAeD4/,1,0
Tor malabaricus,Instagram_instagrapi_Free,keralafish,"#KeralaAquarium
#KeralaFish
#Perumbavoor
#Ernakulam
#Kochi
KeralaBusiness
KeralaPets
Malayali
📈 Viral",,Kerala,2026-03-03,https://www.instagram.com/p/DVbFQtcgfcl/,1,0
Tor malabaricus,Instagram_instagrapi_Free,keralafish,"#KeralaAquarium
#KeralaFish
#Perumbavoor
#Ernakulam
#Kochi
KeralaBusiness
KeralaPets
Malayali
📈 Viral",,Kerala,2026-03-03,https://www.instagram.com/p/DVbFwh2gTXo/,2,0
Tor malabaricus,Instagram_instagrapi_Free,keralafish,"മീൻ വൃത്തിയാക്കാൻ ഇങ്ങനെ ചെയ്‌താൽ മതി 🐟✨
സ്കെയിൽസ് ക്ലീൻ, വയർ പൂർണ്ണമായി നീക്കം, നന്നായി കഴുകൽ — ഇതാണ് ടേസ്റ്റ് & ഹെൽത്ത് സീക്രട്ട് 😌

ഇനി വീട്ടിൽ മീൻ ക്ലീൻ ചെയ്യുന്നത് easy level 💯
ഈ പോസ്റ്റ് save ചെയ്ത് വെക്കൂ 🔖

👇 നിങ്ങൾക്ക് ഏറ്റവും ബുദ്ധിമുട്ടുള്ള ഭാഗം ഏത്? കമന്റ് ഇടൂ!

#മീൻവൃത്തിയാക്കുന്നത്
#KeralaFish
#SeafoodLovers
#FishCleaning
#MalayaliFood
CookingTips","Kochi Kerela, India",Kerala,2026-03-02,https://www.instagram.com/p/DVYdHAhGCKP/,2,0
Tor malabaricus,Instagram_instagrapi_Free,keralafish,"ഗപ്പി വളർത്തൽ നമുക്ക് ഒരുമിച്ച് പഠിക്കാം! 
​#guppyfarming #aquariumlife #guppybreeder #keralafish #fishkeeping",,Kerala,2026-02-11,https://www.instagram.com/p/DUnvOfLDftQ/,3,13
Tor malabaricus,Instagram_instagrapi_Free,tormalabaricus,INDIA MALABAR MAHSEER 2.5”-4”#tor #malabaricus #tormalabaricus #malabar #mahseer #malabarmahseer #mahseerfish #riverfish #wild,,None detected,2026-02-02,https://www.instagram.com/p/DURIBVxiBWZ/,10,2
Tor malabaricus,Instagram_instagrapi_Free,keralafish,"😋😋🫰🏼
.
.
#food #foodie #trendingreels #foodstagram #fish #keralafish #foodreel #foodies #foodblogger #thiruvananthapuram #netta",,Kerala,2025-08-18,https://www.instagram.com/p/DNf6z3UMBhO/,204005,526
Tor malabaricus,Instagram_instagrapi_Free,tormalabaricus,"kecilnya polos...
gedenya beuh...

#mahseer #freshwateraquarium #mahseertankindonesia #torputitora #neolissochilusbaoshan #toryinjiangensis #tormalabaricus #phoenixbarb #freshwatertank #torsinensis",,None detected,2025-07-17,https://www.instagram.com/p/DMMF-N9SefP/,4,0
Tor malabaricus,Instagram_instagrapi_Free,tormalabaricus,"Malabar Mahseer enjoying the current 
.
.
.
.
.
.
.
.
#mahseer #mahseerfishing #tormalabaricus #indianfish #indiannativefish #meenkaran #fishesofindia 

#nationalgeographic #animalplanet #animalplanetindia #nationalgeographicindia #natgeo #natgeowild 
#cyprinid #cyprinidae #ichthyology 
#predatoryfishkeepers #predators #predator #predatoryfish #monsterfishkeeper #monsterfishkeepers #monsterfish",,None detected,2025-02-21,https://www.instagram.com/p/DGVCb4SSpUB/,327,7
Tor malabaricus,Instagram_instagrapi_Free,tormalabaricus,#Tormalabaricus,,None detected,2025-02-02,https://www.instagram.com/p/DFjmfWdBuuT/,0,0
Tor malabaricus,Instagram_instagrapi_Free,keralafish,"രുചി ഇഷ്ടമല്ലെന്ന പേരിൽ ബാസ മീൻ മലയാളികൾ കഴിക്കാറില്ല. പക്ഷെ കാറ്ററിങ് ടീം തന്ത്രപരമായി ഇവന്റുകളിൽ ബാസ മീൻ ഉൾപ്പെടുത്താറുണ്ട്. ഇവന്റുകൾക്ക് ഊണിനൊപ്പം സൗജന്യമായി മീൻ ഡിഷ് കൂടെ ഉൾപ്പെടുത്താം എന്ന് പറയുന്നുണ്ടെങ്കിൽ അത് ബാസ മീൻ ആയിരിക്കും. കേന്ദ്ര സമുദ്ര മത്സ്യ ഗവേഷണ സ്ഥാപനം ഡയറക്ടർ ഡോ. ഗ്രിൻസൺ ജോർജ്ജ് സംസാരിക്കുന്നു.

#KeralaFish #Basafish #TheCue",,Kerala,2025-01-03,https://www.instagram.com/p/DEXAhhGPmVe/,3510,70
Tor malabaricus,Instagram_instagrapi_Free,tormalabaricus,"An Orange fin on the dusk by our guide @siddharth_sasidharan 

Orange fin morph of a Malabar Mahseer ( Tor malabaricus )

Book your trip with us

#tormalabaricus #Malabarmahseer #orangefinmahseer",Western Ghats,"Western Ghats, Western Ghat",2024-10-15,https://www.instagram.com/p/DBJrGhZTW-S/,28,1
Tor malabaricus,Instagram_instagrapi_Free,tormalabaricus,"Size doesn't matter!!!!

They hit on anything that moves no matter how big it is!!!
It's a treat to your eyes to witness this incredible species take your topwater and run's downstream sometimes straightening 5X hooks too

Never underestimate the power of this species 

Book your fishing expedition with us in the southern India🇮🇳

Dm us for enquiries 

WhatsApp - +91 8075740948

Mail - www.wildsou...",Western Ghats,"Western Ghats, Western Ghat",2024-10-11,https://www.instagram.com/p/DA_BSl4PxEW/,44,2
Tor malabaricus,Instagram_instagrapi_Free,tormalabaricus,"Some Topwater Action from the Kannur Region post monsoon!!!
Our guide @angler_sharon landing a chunky Malabar mahseer on 
@bonefishingworld Hoverjet 130!!
Fishing in the Kannur region is heaven for topwater enthusiasts the way these fish hit the bait on flowing river will rise your adrenaline rush into max!!!

Other than mahseer there are more species you can unlock in kannur for ex. Malabar Snake...",Western Ghats,"Western Ghat, Western Ghats, Kerala",2024-08-28,https://www.instagram.com/p/C_NDW_MvbqK/,42,3
Tor malabaricus,Instagram_instagrapi_Free,tormalabaricus,"Just imagine the pre monsoon in the southern part of india, melody of the flowing river and exotic birds,clear sky and greenery around and you're fishing for this beautiful yet stronger fish with us!!!
A moment that will be precious for your entire life!!!
We can't explain it in word's just visit and experience yourself and we guarantee you'll be coming back to this place again and again!!!

Mail ...",Western Ghats,"Western Ghats, Western Ghat",2024-08-12,https://www.instagram.com/p/C-k0rAqPvmu/,26,0
Tor malabaricus,Instagram_instagrapi_Free,tormalabaricus,"Tor Malabaricus ( Red Orange Morph )
A very less known mahseer species in angling community,, only native to southern western Ghats 
We serve Guided Trip's to get your hands on this Rare species of mahseer 

Spinning and Fly fishing are easiest way to catch one

#Tormalabaricus #Malabarmahseer #mahseerfishingcharters #mahseer #mahseeronfly #humpbackmahseer #orangefinmahseer #redfinmahseer #bluefin...",Western Ghats,"Western Ghats, Western Ghat",2024-07-16,https://www.instagram.com/p/C9fDPvPIrB0/,29,2
Tor malabaricus,Instagram_instagrapi_Free,tormalabaricus,"Pound for pound one of the hardest fighting Freshwater Species.
The Malabar Mahseer aka( Tor Malabaricus ).

 Our Guide for Kannur Region Mr. @akhil_palayod_ Has landed this Torpedo over 20lbs from our Major Fishing Spot's!!!

Book your trip for the 2025 Season In Advance🇮🇳
DM us for Prices 
Follow @wild_southfishing

#Malabarmahseer 
#Tormalabaricus 
#Wildsouth 
#Wildsouthfishingcharters 
#Wester...",Western Ghats,"Western Ghats, Western Ghat",2024-06-25,https://www.instagram.com/p/C8on80ev3vx/,31,1
Tor malabaricus,Instagram_instagrapi_Free,tormalabaricus,"𝗠𝗔𝗟𝗔𝗕𝗔𝗥 𝗠𝗔𝗛𝗦𝗘𝗘𝗥
[ 𝐓𝐨𝐫 𝐌𝐚𝐥𝐚𝐛𝐚𝐫𝐢𝐜𝐮𝐬 ]

Huge Mahseer Species from the western Ghats and found no where else in the world!!!

We're the Only charter to have a guided fishing trip for these species in the western Ghats!!!

📩DM us and book your trip 

Some Slots are still available for the peak time of the season 

#Malabarmahseer #Tormalabaricus #Westernghats #Wildsouth #Wildsouthfishingcharters #fishi...",Western Ghats,"Western Ghats, Western Ghat",2024-06-10,https://www.instagram.com/p/C8Btz69vjop/,21,1
Tor malabaricus,Instagram_instagrapi_Free,tormalabaricus,"Tor Malabar Indian mahseer 🤎

#mahseer #mahseerfishing #mahseertankindonesia #mahseerfish #iwak #iwakkali #magelang #ikanhias #tormalabar #tormalabaricus #indianmahseer #bluemahseer #mahseerind",,None detected,2024-05-12,https://www.instagram.com/p/C62olvkS9IY/,1,0
Tor malabaricus,Instagram_instagrapi_Free,tormalabaricus,"Tor malabacus... Malabar Mahseer 😍😍😍

#kerala #fishing #fishinglife #mahseer #tormalabaricus #mustadhooks #shimano #freshwater",,Kerala,2023-08-28,https://www.instagram.com/p/Cwd-broScm8/,22,2
Tor malabaricus,Instagram_instagrapi_Free,tormalabaricus,"Trophy catch from the mountain streams of malabar. #tormalabaricus #malabarmahseer #mahseerfishing #westernghats 

Rod- #palmsedge Light 6’’
Reel- Daiwa bg 2000 
Line- Sunline siglon 20lb
Leader - berkley trilance 20lb mono
Snap - #1 littma fastach
Lure- strikepro spoon 5.8gm sharpened with mustad kaiju inline #6

Special thanks to @angler_girl_kerala @shafas_vloggy @the.name.is._hari @adrenalin_3...","Kochi, India",Kerala,2023-07-02,https://www.instagram.com/p/CuM6XIFvrmY/,187,12
Tor malabaricus,Instagram_instagrapi_Free,tormalabaricus,"Blue 💙
.
.
.
.
#bonefishingworld 
#bonevoyage 
#atccombat 
#mahseerfishing 
#bluefinmahseer 
#malabarmahseer 
#tormalabaricus 
#kannur 
#fishinglovers",Kannur,None detected,2023-06-30,https://www.instagram.com/p/CuGegs9SDLX/,103,17
Tor malabaricus,Instagram_instagrapi_Free,keralafish,"platinum red🐟😈
#keralafish #kerala #fish #fishfry #keralafood #keralagram #keralafishfry #guppykerala #guppy #fishfarm #guppyfish #foodie #farm #foodblogger #fishcurry #fishlover #keralafoodie #keraladiaries #fishfarming #pangasiusfish #guppys #koifish #karimeen #seafood #farming #farmhouse #keralafishfarm #vala #keralagallery #feather",,Kerala,2022-10-27,https://www.instagram.com/p/CkOObHfAvNq/,247,2
Tor malabaricus,Instagram_instagrapi_Free,keralafish,"@fooddatewithminny Breakfast reel...
.
.
#breakfast #breakfastidea #keralabreakfast #naadanfood #kappameencurry #kappavevichathu #meencurry #keralafishcurry #keralafish #keralafood #keralafoodie #keralafoodblogger #tasteofkerala #keralagram #keralacuisine #keraladiaries #theeyumpukayum #cookforkerala #thaninaadan #bangaloremalayali #imalayali #kappapuzhukku #kappameen",എന്റെ കേരളം - ente keralam,Kerala,2022-09-29,https://www.instagram.com/p/CjF5YSagGhZ/,927,17
Tor malabaricus,Instagram_instagrapi_Free,keralafish,"Maanthal Fry

#fishfry #fish 
#fishrecipes 
#fry 
#reelskerala 
#reelskeralafood
#naadanfood 
#onasadhya 
#onam 
#nonveg #reelsi̇nstagram #explore #explorepage#mallu#ᴍᴀʟᴀʏᴀʟɪ#pravasi#keralacusine #keralafish #fishfry #tamil #telugu #instatoday #instadaily #reelsinstagram #reeloftheday #recipeoftheday #instadaily #instareels #instarecipe #explore #fish #solefish",,Kerala,2022-08-27,https://www.instagram.com/p/Chwt_IWO9IH/,2402,7
Tor malabaricus,Instagram_instagrapi_Free,keralafish,"@mili_in_the_kitchen മീൻ വറുത്തത് 😊

.
.

.
.

@mili_in_the_kitchen 

.
.

#fishfry #tunafish #keralafishfry #keralafish #lunchbox #tasteofkerala🌴 #keralafoodies #trivandrumfoodies #malayalifoodie #foodiesofinstagram #foodiesofindia #foodphotography #keralagram #foodpic #foodstagram #foodlover #foodiegirl #foodblogger #malayalifoodlover #homemade #tasteofsouth #keralagodsowncountry #ruchikoottukal...",,Kerala,2022-08-24,https://www.instagram.com/p/ChpNyLzqtVd/,1545,3
Tor malabaricus,Instagram_instagrapi_Free,keralafish,"Indian Mackerel Nirvana
Inspiration : @chef_pillai 
#fish #fishnirvana #nirvana #sureshpillai #chefpillai #inspiration #fishcurry #keralafishcurry #nirvanareels #bananaleaf #mackerel #indianmackerel #fishreels #trendingreels #foodporn #foodreels #foodie #coconumilk #foodgram #viralfoodreels #viralfood #trendingfoodies #viral #trending #reelsinstagram #reelitfeelit #keralafood #keralafish #fishreci...",Kerala,Kerala,2022-05-27,https://www.instagram.com/p/CeEVTcUhIUE/,157,2
Tor malabaricus,Instagram_instagrapi_Free,tormalabaricus,#tormalabaricus #firstackle,,None detected,2022-05-02,https://www.instagram.com/p/CdD0kbBPfa2/,43,1
Tor malabaricus,Instagram_instagrapi_Free,keralafish,"One word - Happiness 😊😊
.
.
.
.
.
.
.
#fishforsale #fishfarm #fishseeds #fishfarming #aquariums #aquaworld #perumbavoor #cochinaquatic #cochinaquatics #koifish #pangasiusfish #pangasius #vala #farming #farm #farmhouse #keralafish #beeutifullview #fishforsale #feather #cochinaquatic
#guppy #redguppy #guppykerala
#koifish #koicarp #koicarpkerala #keralakoicarp #beeutifullviews #",,Kerala,2021-08-29,https://www.instagram.com/p/CTKpdtqAvrK/,2114,25
Tor malabaricus,Instagram_instagrapi_Free,keralafish,"പാവങ്ങളുടെ ഫിഷ് ഗ്രിൽ 🐟🐠🐠🐟

#oneroof #fishgrill #grilling #fishgrilled #fishrecipes #keralafish #fishfry #recipes #foodaddict #foodtour #foodreels #foodwalk #fishlover #fishlovers #foodgram #keralafoods #kerala #malayalee #kozhikodetoyou #chefpillai #mrinaldasvengalat #mrinal #villagefood #bonappetit #foodrider #kochifoodies #foodlovers",,Kerala,2021-08-17,https://www.instagram.com/p/CSqrvlppNTK/,54460,32
Tor malabaricus,Instagram_instagrapi_Free,keralafish,"Use headphone 🔥 @prannoylal ♥️ #thilopia_fish 
#foodkerala #foodporn #food #foodie #foodie #foodblogger #tasteofindia #thalasserybiriyani #keralafoodie #keralafish #euro2020 #copaamerica #biriyani #fishcurry #fishroast #foodstylist #foodstagram #foodpics",,Kerala,2021-06-15,https://www.instagram.com/p/CQIfVWYlCAL/,548,4
Tor malabaricus,Instagram_instagrapi_Free,keralafish,കരിമീൻ പൊള്ളിച്ചത് ❣️🔥 @amalj5437  @foodstagramm___  #kerala #keralagram #keralagodsowncountry #keralite #keraladiaries #foodstagram #foodporn #foodie #delicious #foodphotography #foodblogger #karimeenpollichathu #karimeenfry #fishfry #fishing #fishcurry #keralafish #fishfrylovers,,Kerala,2021-05-24,https://www.instagram.com/p/CPP02xilUjy/,796,4
Tor malabaricus,Instagram_instagrapi_Free,keralafish,"Dad & children(salamander dumbo)
available
.
.
.
.
#bettathailand #bettafish #betta #bettafishtank #frys #family #dad #children #figher #keralafish #keralagram #kerala #malayalam #malayali #mallu #india #sala #salamander #life #fishing #fish #bigears #dumbo #malabar #palakkad #tvm #pkd #kochi #kozhikode #palakkatukaar",,Kerala,2021-05-17,https://www.instagram.com/p/CO-VPAsJhVV/,4376,34
Tor malabaricus,Instagram_instagrapi_Free,keralafish,"ഹൃദയം നിറഞ്ഞ പുതുവത്സരാശംസകൾ!
ഒരു കുഞ്ഞു ഊണ് കഴിച്ചു തുടങ്ങാമല്ലേ...

Kerala Fish Fry meal
On my plate
🍃കുത്തരി ചോറ് |Kerala Matta rice
🍃സാമ്പാർ |Sambar
🍃പപ്പടം |Pappadam
🍃മീൻ വറുത്തത് |Fish Fry
🍃ബീറ്റ്റൂട്ട് തോരൻ |Beetroot Stir fry
🍃പൊട്ടറ്റോ ഫ്രൈ |Potato fry
🍃ഇഞ്ചി കറി |Ginger pickle
🍃പായസം |Payasam
#oonu #keralaspecial #nadanoonu #mallufood #keralafish #keralalunch #keralafood #nadanfood #taste...",,Kerala,2021-01-02,https://www.instagram.com/p/CJhgQNTlp8J/,719,200
Tor malabaricus,Instagram_instagrapi_Free,keralafish,".
.
One of the most sentimental dish for lunch mainly in many parts of kerala and now has become a common dish for breakfast and dinner too. This dish is spicy and sour and goes well with Porotta. Enjoy the dish and follow for more such recipes. 
.
.
FISH USED HERE IS KING FISH
1. KING FISH- 1/2 KG
2. Red chilly Powder- 1 tbsp 
3. Turneric - 1 tsp
4. Salt 

Gravy:- 
1. Shallots- 15-20nos
2. Garlic...",,Kerala,2020-10-25,https://www.instagram.com/p/CGwncatJDhT/,1662,88
Tor malabaricus,Instagram_instagrapi_Free,keralafish,"Sea food from Gods own country! @kckfoods #kappachakkakandhari @chefregimathew @cheffabianravi  #gvenketram #gvenketramphotography 

Kerala fish curry I Nethili fish fry I Prawn fry I Currymean fry I Vanjaram fry I Puttu I Idiyappam I Passion fruit juice
.
.
.
.
#foodphotography #keralafishcurry #keralafish #prawnfry #nethilifry #currymean #vanjaramfry #searfish #searfishfry #godsowncountry #kck #...",,Kerala,2020-10-20,https://www.instagram.com/p/CGkKJplp77m/,3740,27
Tor malabaricus,Instagram_instagrapi_Free,keralafish,"Ayala Puzhukke/ Mackerel Masala Recipe:- 
.
""FULL VIDEO LINK IN BIO""
.
.
Ayala Puzhukku (Mackerel Fish Curry) is a traditional fish curry from Kerala with bold flavors of typical curry spices and Coconut Milk (2 extracts). This style of cooking fish curries mostly in the Muslim households of mid-Kerala districts of Thrissur, Malappuram and Ernakulam. Without any doubt, try it out and it will be em...","Dubai, United Arab Emirates",Kerala,2020-08-05,https://www.instagram.com/p/CDgKcF8pLsf/,765,13
Tor malabaricus,Instagram_instagrapi_Free,tormalabaricus,Mahseer com tanks 🐟🐟🐟#tor#mahseer#hypselobarbus #tortambra#tormalabaricus #torsalween#tortambroides #riverfish#thailand,"Bangkok, Thailand",None detected,2020-04-09,https://www.instagram.com/p/B-w0FIVBhlL/,16,1
Tor malabaricus,Instagram_instagrapi_Free,tormalabaricus,New friends 🤙🏼#tormalabaricus #torputitora,,None detected,2019-05-15,https://www.instagram.com/p/Bxeri4LAevO/,8,1
Tor malabaricus,Instagram_instagrapi_Free,tormalabaricus,@anglersquadkochi -  Rare Species 🐟malabar  mahseer🐟  tor malabaricus 🐟 caught on mepps agila spinner . @amo8525  #tormalabaricus #torkhudree  #mahseer  #catchandrelease  #mepps #keralafishing  #indiafishing #fishingkerala #backwaterfishingkerala,,Kerala,2019-04-26,https://www.instagram.com/p/Bwugx2egZfm/,9,0
Tor malabaricus,Instagram_instagrapi_Free,tormalabaricus,"Tor malabaricus

#tor #tormalabaricus #barb #barbs #barbtank #indianfish #indiannativefish #mfk #monsterfishkeeper #monsterfishlovers #monsterfishkeepers #monsterfish #monstertank #fishphoto #fishphotographer #fishphotos #fishphotography #fishpicoftheday #fishpics #fishpicgram #aquariumphoto #aquariumphotography #aquariumphotos #aquariumfishphotos #mahseer",,None detected,2019-02-04,https://www.instagram.com/p/BtdvArDBs3u/,113,3
Tor malabaricus,Instagram_instagrapi_Free,tormalabaricus,#tor #tormalabaricus #largebarb #hillstreamfish #aquariums #aquariumhobby #aquaria #aquariumfishes #aquariumfish #canon100mm #canon70d #canonphotography #yongnuo #yongnuoflash #monsterfish,,None detected,2018-08-15,https://www.instagram.com/p/Bme4xbgAhXS/,19,1
Tor malabaricus,Instagram_instagrapi_Free,tormalabaricus,Rare Species 🐟malabar  mahseer🐟  tor malabaricus 🐟 caught on mepps agila spinner . @amo8525  #tormalabaricus #torkhudree  #mahseer  #catchandrelease  #mepps #keralafishing  #indiafishing #fishingkerala #backwaterfishingkerala,,Kerala,2018-07-12,https://www.instagram.com/p/BlILDYzh9lS/,49,6
Tor malabaricus,Instagram_instagrapi_Free,keralafish,"The Karimeen or Green Chromide .
.
The green chromide (Etroplus suratensis) is a species of cichlid fish from freshwater and brackish water in southern India and Sri Lanka. Other common names include pearlspot cichlid, banded pearlspot, and striped chromide. In Kerala in India it is known locally as the karimeen and very much a local delicacy and even the tourists has a special preference for Kari...","Chalakudy, The Charming City",Kerala,2018-03-19,https://www.instagram.com/p/Bgf9ijjlMlw/,1761,14
Tor remadevii,Instagram_instagrapi_Free,mahseer,"STREAM MASTER
Sebuah produk Kolaborasi antara TANAGO X BAITWELL yang menghadirkan Limited Edition Performance Trucker & Snapback Hat memiliki 2 desain berbeda untuk pecinta sport fishing. 

STREAM MASTER
Ikan Mahseer (Tor Tambroides & Tor Soro) sang raja arus deras dari perairan Indonesia di hadirkan dalam Patch Woven Premium dengan fine edge finishing. Di balut dalam bahan Taslan Polyester yang m...",Kapuas Hulu,None detected,2026-03-12,https://www.instagram.com/p/DVxWblLEoXk/,13,2
Tor remadevii,Instagram_instagrapi_Free,mahseer,"😊😊

#fyp #fishing #mahseer #view #river",,None detected,2026-03-12,https://www.instagram.com/p/DVyNC3jDNHk/,3,0
Tor remadevii,Instagram_instagrapi_Free,mahseer,"They Call It the ""Tiger of the River"" for a Reason... (Mahseer Caught!)#Fishing #Mahseer #RiverMonster #Angling #Adventure YubiOnTheLine FishingLife",,None detected,2026-03-11,https://www.instagram.com/p/DVvNhJJE2Y-/,2,0
Tor remadevii,Instagram_instagrapi_Free,mahseer,"3-3-69
ปลาพลวงน้ำยวมตัวที่2 🏞🐠 ของปี69

Rod : Tenryu Rayz integral RZI50L-4 3-6lb
Reel : Shimano Soare XR C2000SSHG
Lure :  Sinking Minnow
Line : Shimano Kairiki 8+ 0.6 6lb 
Leader : Shimano Ocea Fluoro Leader 6lb

#shimano
#tenryu
#mahseer
#nilocollected",,None detected,2026-03-10,https://www.instagram.com/p/DVtDfTMD1CZ/,1,0
Tor remadevii,Instagram_instagrapi_Free,mahseer,#Mahseer  #fishinginvietnam  #privatetours #Vietnamfishing  #fishingtrip #vietnamfishingtours  #trekkinglife #JungleAdventure,,None detected,2026-03-09,https://www.instagram.com/p/DVpat27gp7I/,7,0
Tor remadevii,Instagram_instagrapi_Free,mahseer,"Termasuk short boday apa bukan ya hu ?
#mancing #mancingliar #Mahseer",,None detected,2026-03-09,https://www.instagram.com/p/DVptQxsEoBT/,0,0
Tor remadevii,Instagram_instagrapi_Free,mahseer,#mahseerfish #mahseertankindonesia #Mahseer #BlueMahseer,,None detected,2026-03-08,https://www.instagram.com/p/DVoqp-CEqXT/,4,0
Tor remadevii,Instagram_instagrapi_Free,mahseer,#mahseer #kelah,Riverkings Seremban,None detected,2026-03-07,https://www.instagram.com/p/DVkhAfIEvXV/,2,0
Tor remadevii,Instagram_instagrapi_Free,mahseer,"🎣🐳!! MAX-VIBE HYBRID - ALL 12 COLOUR PATTERNS NOW AVAILABLE !!🐳🎣

The MAX-VIBE HYBRID (110mm) soft vibe lure comes fitted out of the box with BKK 5x Strong in-line single hooks, and with an incredibly strong thru-wire and split rings.

🎣 LURE KEY FEATURES:-
🐟: Game changing hybrid design.
🐟: Irresistible vibration frequency.
🐟: Grub tail induces bites at slow speed.
🐟: Bounce-off-structure swimmin...",,None detected,2026-03-07,https://www.instagram.com/p/DVkaHSIEXxw/,3,0
Tor remadevii,Instagram_instagrapi_Free,mahseer,"Varieties of mahaseer 
True river monsters

#monsterfishkeepers #aquariumhobby #aquarium #mahseerfishing #mahseer",,None detected,2026-03-03,https://www.instagram.com/p/DVbywzOiF0v/,10,0
Tor remadevii,Instagram_instagrapi_Free,mahseer,"Ikan mahseer size 42cm yg mati
.
.
.
.
.
.
ISTIMEWA🤩
#mahseer",,None detected,2026-03-03,https://www.instagram.com/p/DVbHZDGEQPA/,30,0
Tor remadevii,Instagram_instagrapi_Free,mahseer,"Alhamdulillah tarikannya jantungan dakdikduk der 💪 
#strik #cm #mahseer #viral #fyp",,Tunga,2026-03-01,https://www.instagram.com/p/DVWP21qiAWR/,1,0
Tor remadevii,Instagram_instagrapi_Free,mahseer,#ikan #mahseer,,None detected,2026-02-28,https://www.instagram.com/p/DVTd7VtDRy7/,14,4
Tor remadevii,Instagram_instagrapi_Free,mahseer,"Ikan dewa jenis sirip merah - tor soro 

#fyp #budidayikandewa #mahseer #empurau",,None detected,2026-02-27,https://www.instagram.com/p/DVR0SJlk4rb/,3,0
Tor remadevii,Instagram_instagrapi_Free,westernghatsfish,"(Glyptothorax kudremukhensis) – Kudremukh Torrent Catfish 

An endemic sisorid catfish restricted to the central Western Ghats of Karnataka, Glyptothorax kudremukhensis is known only from the upper reaches of the Tunga River system within and around the Kudremukh region. It inhabits clear, cold to cool, fast-flowing hill streams with rocky and boulder strewn substrates, often in forested catchment...",Western Ghats,"Karnataka, Tunga, Western Ghats, Western Ghat",2025-12-19,https://www.instagram.com/p/DScZrQJj78d/,58,0
Tor remadevii,Instagram_instagrapi_Free,westernghatsfish,"Osteochilichthys nashii | Nash barb

This video documents the transformation of this elusive cyprinid—from silvery juveniles with broken bars, to sub-adults exploring deeper currents, all the way to the stunning adults with blue and orange highlights.

We begin with the early stages, where the juveniles show scattered spots that gradually merge into the iconic dark stripe.",,None detected,2025-12-13,https://www.instagram.com/p/DSNW8kljiLw/,618,16
Tor remadevii,Instagram_instagrapi_Free,westernghatsfish,"TIGER OF OUR RIVERS

Feel the power of the apex predators of our rivers. Some of the Deccan Mahseers (Tor Khudree) in this video from the Tunga River were more than 2 feet long.",,Tunga,2025-12-04,https://www.instagram.com/p/DR14pbJDg_1/,252,3
Tor remadevii,Instagram_instagrapi_Free,westernghatsfish,"(Glyptothorax annandalei) – Annandale’s Torrent Catfish

A small, bottom-dwelling sisorid catfish reaching (up to around 11.4 cm) standard length, Glyptothorax annandalei is adapted for life in fast-flowing hill streams across the Western Ghats, including the Cauvery watershed of the Nilgiri Hills, as well as other upland river systems in peninsular India. This species possesses a depressed head, ...",Anamalai Tiger Reserve,"Cauvery, Western Ghats, Western Ghat",2025-11-21,https://www.instagram.com/p/DRToxKGj8Et/,41,0
Tor remadevii,Instagram_instagrapi_Free,westernghatsfish,"Via @meen_maravan 

(Pristine Hillstream Habitat – Anamalai Hills, Western Ghats)

This serene stream in the Anamalai Hills exemplifies a classic rocky-bedded upland river, characterized by fast-flowing, crystal-clear waters and algae-coated stones. Such pristine conditions foster a rich native fish community, supported by diverse microhabitats with varying flow and substrate.

Among the fishes ob...",,"Western Ghats, Western Ghat",2025-11-20,https://www.instagram.com/p/DRRwhykE8gA/,15,6
Tor remadevii,Instagram_instagrapi_Free,westernghatsfish,"(Hillstream Habitat – Anamalai Hills, Western Ghats)

This serene stream in the Anamalai Hills exemplifies a classic rocky-bedded upland river, characterized by fast-flowing, crystal-clear waters and algae-coated stones. Such pristine conditions foster a rich native fish community, supported by diverse microhabitats with varying flow and substrate.

Among the fishes observed here are: Opsarius gat...",Anamalai Tiger Reserve,"Western Ghats, Western Ghat",2025-11-20,https://www.instagram.com/p/DRRAH5Uj4tb/,37,0
Tor remadevii,Instagram_instagrapi_Free,westernghatsfish,"(Travancoria jonesi) – Travancore Loach

A small, slender hillstream loach endemic to the Western Ghats of Kerala, primarily found in clear, fast-flowing mountain streams in the northern Travancore and Anamalai Hills regions, including areas like Silent Valley. This species attains a moderate size (up to 9cm) and is adapted to torrential stream habitats with a flattened body and specialized fins f...",Anamalai Tiger Reserve,"Western Ghat, Western Ghats, Kerala",2025-11-19,https://www.instagram.com/p/DRObBDGjyfs/,37,0
Tor remadevii,Instagram_instagrapi_Free,westernghatsfish,"(Devario sp)

A medium to large danionin, this fish is native to fast-flowing, clear, and well oxygenated hill streams in the Western Ghats of India, including the states of Karnataka, Kerala, and Tamil Nadu, as well as Sri Lanka. It is found in both eastern and western-flowing drainages, inhabiting waters with gravel or rocky substrates. 

Reaching up to ~12 cm, it has a robust body with bold lat...","Wayanad, Kerala","Karnataka, Western Ghat, Tamil Nadu, Wayanad, Western Ghats, Kerala",2025-11-17,https://www.instagram.com/p/DRJuCTPD-QQ/,37,1
Tor remadevii,Instagram_instagrapi_Free,westernghatsfish,"(Devario malabaricus) – Malabar Danio or Giant Danio and (Devario sp.)

A medium to large danionin, this fish is native to fast-flowing, clear, and well oxygenated hill streams in the Western Ghats of India, including the states of Karnataka, Kerala, and Tamil Nadu, as well as Sri Lanka. It is found in both eastern and western-flowing drainages, inhabiting waters with gravel or rocky substrates. 
...",Western Ghats,"Karnataka, Western Ghat, Tamil Nadu, Western Ghats, Kerala",2025-11-14,https://www.instagram.com/p/DRBzkVXj_W-/,36,2
Tor remadevii,Instagram_instagrapi_Free,westernghatsfish,"(Roaring Monsoon River - Western Ghats)

During the peak monsoon in August, the Kumaradhara transforms dramatically as a mighty, muddy torrent surging over rocky beds and swollen banks. The water level at my visit point was at least 15 ft higher than in February, with currents so powerful that the normally clear stream now churns with suspended silt and debris.

The usual riffles and shallow zones...",Kumaradhara River,"Western Ghats, Western Ghat",2025-10-25,https://www.instagram.com/p/DQPP4pgj0B-/,29,2
Tor remadevii,Instagram_instagrapi_Free,torremadevii,"#torkhudree #torremadevii
#malabarmahseer #putitormahseer
#neolissochilussoroides #NeolissochilusStracheyi
#Badlapur #badlapurkar
#photos #india #badlapurkar_ 😄👌🏻👌🏻😊",,None detected,2025-09-26,https://www.instagram.com/p/DPDRJHxE0fi/,3,1
Tor remadevii,Instagram_instagrapi_Free,westernghatsfish,"Hypselobarbus jerdoni (Jerdon’s Carp)

In a river full of fish, some just demand respect.
Hypselobarbus jerdoni is one of them — a powerful barb from the WESTERN GHATS with the build of a tank and the shine of a polished coin 🪙.

This species can grow to an impressive 35–40 cm in the wild, ruling the deeper pools and slow stretches of hill rivers.

Two separate populations exist in Kerala and Karn...",,"Karnataka, Western Ghat, Western Ghats, Kerala",2025-08-12,https://www.instagram.com/p/DNRC8AGTaNj/,30,3
Tor remadevii,Instagram_instagrapi_Free,westernghatsfish,"Barilius ardens (Flame Fin Barilius)

A torpedo of silver and flame from the fast-flowing hillstreams of Western Ghats 🔥

Known for its metallic green sheen, vertical bars, and striking red-orange tipped fins — especially vivid in males during breeding condition.

This group is around ~6–7 cm | Max size ~10–12 cm
Fast, aggressive feeder — always in motion.
Best kept in river-style tanks with stron...",,"Western Ghats, Western Ghat",2025-08-05,https://www.instagram.com/p/DM-JPgxhIPg/,26,1
Tor remadevii,Instagram_instagrapi_Free,westernghatsfish,"A very very rare underwater footage of a Channa pseudomarulius or Orange-spotted Snakehead by @meen_selvan with a great description and introduction to the fish! 

(Channa pseudomarulius) 

Commonly known as the Orange-spotted Snakehead, is a large, predatory freshwater fish endemic to the southern Western Ghats of India. It occurs in major river systems such as the Cauvery, Bhavani, Thamirabarani...",,"Karnataka, Krishna, Western Ghat, Tamil Nadu, Cauvery, Western Ghats",2025-07-19,https://www.instagram.com/p/DMRtd6bTL5-/,28,1
Tor remadevii,Instagram_instagrapi_Free,westernghatsfish,"(Channa pseudomarulius) - Orange-spotted Snakehead

A large, predatory freshwater fish endemic to the southern Western Ghats of India. It occurs in major river systems such as the Cauvery, Bhavani, Thamirabarani, and parts of the Krishna basin, and is typically found in clear, moderately flowing rivers, reservoirs, and upland streams with rocky or muddy bottoms. Adults can reach up to 58 cm in len...","Erode (ஈரோடு), Tamilnadu , India","Karnataka, Krishna, Western Ghat, Tamil Nadu, Cauvery, Western Ghats",2025-07-18,https://www.instagram.com/p/DMPfzy8v5ll/,36,3
Tor remadevii,Instagram_instagrapi_Free,torremadevii,"Ikan masherr dari sungai Cauvery & Burmese 🇮🇳🇲🇲
.
.
.
#masheer #masheerfish #masheertankindonesia #ikandewa #predatorfishing #predatorfishkeepers #torremadevii #neoheter #toryinjiangensis #torputitora #akuarium #aquarium #indonesia #animal",Special Region of Yogyakarta,Cauvery,2025-06-30,https://www.instagram.com/p/DLg_bIuJ8vU/,133,0
Tor remadevii,Instagram_instagrapi_Free,westernghatsfish,"(Schistura nagodiensis) - Nagodi Loach

A small, slender hill stream loach endemic to the Western Ghats of Karnataka, India. It inhabits shallow, fast flowing, clear streams with rocky and sandy bottoms, often fringed by forest or dense riparian vegetation. Like most Schistura species, it clings close to the substrate, maneuvering between stones and debris, feeding on fine organic matter and benth...",Tunga River,"Karnataka, Tunga, Western Ghats, Western Ghat",2025-06-15,https://www.instagram.com/p/DK7mUHvyydB/,28,0
Tor remadevii,Instagram_instagrapi_Free,westernghatsfish,"Speedy Gonzales ⚡

Pea puffers are deceptively quick! Check the speed at which this Male Pea Puffer makes a quick exit

Music: Mystic
Musician: Jeff Kaale
.
.
.
.
.
.
.
.
.
.
.
.
.
.
.
#peapuffers #peapufferfish #peapuffer #peapuffersofinstagram #pufferfish #IndianFreshwaterFish #AquariumHobby #BiotopeAquarium #FishBiotope #UnderwaterIndia #IndianAquariumFish #WildCaughtFish #NativeFish #Hillstrea...",,None detected,2025-06-10,https://www.instagram.com/p/DKt6DlISNjv/,117,2
Tor remadevii,Instagram_instagrapi_Free,westernghatsfish,"(Pterocryptis wynaadensis)

A small, elongated freshwater catfish endemic to the Western Ghats of India, particularly found in the cool, fast-flowing hill streams of Wayanad (Kerala) and parts of Karnataka and Tamil Nadu. It thrives in shaded, oxygen-rich streams with rocky beds.

💡 Interesting Fact:
This species can cling to rocks in strong currents thanks to its flattened body and specialized fi...",Agumbe,"Karnataka, Western Ghat, Tamil Nadu, Wayanad, Western Ghats, Kerala",2025-06-04,https://www.instagram.com/p/DKfexOmTcPf/,12,0
Tor remadevii,Instagram_instagrapi_Free,torremadevii,"In honour and deep respect for Renuka, who helped protect Mahseer populations in the Cauvery Wildlife Sanctuary- one of the three strongholds of the Critically Endangered, Humpback Mahseer, in the Cauvery River. 

Wildlife Association of South India, empowered legends like Renuka for 50+ years, to patrol the banks of the Cauvery and ensure protection of the Humpback Mahseer from illegal dynamiting...",,Cauvery,2025-02-14,https://www.instagram.com/p/DGChIvTSaIQ/,53,0
Tor remadevii,Instagram_instagrapi_Free,torremadevii,"Last week, we bid farewell to a true legend of the Cauvery. Renuka, from Dassanadhoddi village, was a cornerstone of the mahseer angling community. He joined the Cauvery fishing camps in the early 2000s and dedicated the next decade to honing his craft as a skilled angling guide. Beyond that, he spent another ten years safeguarding the river and the forests of the Cauvery Wildlife Sanctuary.

Renu...",,Cauvery,2025-02-14,https://www.instagram.com/p/DGCZQtySSIw/,603,14
Tor remadevii,Instagram_instagrapi_Free,mahseer,"Mahşer gününe hazırlan 🤲🏻 

#mahseer #mahşer #hzmuhammed #hzmuhammedsav #duavakti #tevekkül #ddislamyolu #bismillahirrahmanirrahim #âyet #keşfetteyiz #islamdini #allahaşkı #cehenem #cenet",Türkiye,None detected,2024-11-13,https://www.instagram.com/p/DCT1KlENsel/,1220,24
Tor remadevii,Instagram_instagrapi_Free,westernghatsfish,"Nemacheilus stigmofasciatus from the western ghats of Karnataka 💚.

Very peaceful and timid loach !

Specimen courtesy:- @eer_rams 

#loaches #fishesofinstagram #nemacheilus #stoneloaches #schistura #nativefishofindia #westernghatsfish #nammakarnataka #nammawesternghats #paschimaghatta #loachesofinstagram #nemacheilus #mesonoemacheilustriangularis #indianfishkeeper #ichthyology #karnatakafishes #k...",,"Karnataka, Western Ghats, Western Ghat",2024-04-25,https://www.instagram.com/p/C6LL6OXLNX6/,39,1
Tor remadevii,Instagram_instagrapi_Free,torremadevii,"Seasons greetings to all from the Regional Museum of Natural History, Mysuru! 

It's nearing the end of the year and we thought we would share a little preview of the educational gallery ""On the mahseer trail"" that WASI and RMNH jointly established just over a year ago. 

9ver 100,000 visitors from all backgrounds have visited the gallery. We are extremely grateful to all, and deeply appreciate th...",Regional Museum of Natural History Mysore,Cauvery,2023-12-24,https://www.instagram.com/p/C1OvrWEyr2s/,150,2
Tor remadevii,Instagram_instagrapi_Free,torremadevii,"Episode 3 of Riverside Tales coming up this Saturday! Hint: it's about a mahseer! 

Riverside Tales, India's first #podcast channel dedicated to wildlife storytelling. 
.
.
.
.
.
.
. 
. 
. 
. 
#riversidetales #wasiindia #humpbackmahseer #torremadevii #audiopodcast #myfavouritepodcasts #bestpodcasts #newpodcast",,None detected,2023-10-05,https://www.instagram.com/p/CyAJi3ny-Xn/,232,9
Tor remadevii,Instagram_instagrapi_Free,torremadevii,"The making of an ambassador species!

The Cauvery Wildife Sanctuary now greets you with an information board on the #humpbackmahseer as soon as you enter the main gate at the Halagur range. 
.
.
.
.
.
.
.
.
.
.
#cauverywildlifesanctuary
#halgur #malvalli
#kollegal #bengalurudiaries #wasi #torremadevii #savemahseer #ambassador #flagshipspecies #criticallyendangered #savekaveri #kaveririver #Cauvery...",,"Karnataka, Cauvery",2023-06-20,https://www.instagram.com/p/CtsnGseSpDW/,134,0
Tor remadevii,Instagram_instagrapi_Free,torremadevii,"Meet Nagendra, he works in the Cauvery Wildife Sanctuary and has been deputed by the Karnataka Forest Department to manage the #humpbackmahseer repository. Yesterday, as evident in the picture, Nagendra was ecstatic. 

Over the last 3 weeks he has worked tirelessly to fight off a deadly infection that threatened the mahseer stock at the repository. The infection was caused by sudden spikes of ammo...",Bheemeshwari Nature Camp,"Karnataka, Cauvery",2023-06-10,https://www.instagram.com/p/CtS7bI_ydiT/,154,1
Tor remadevii,Instagram_instagrapi_Free,torremadevii,"Three legends in one frame.

Stephen Harper, writer, publisher & angler.

Bola Nayak, mahseer expert & angling celebrity.

Humpback mahseer, critically endangered & an ambassador for river conservation.
.
.
.
.
.
.
.
.
.
.
#humpbackmahseer #torremadevii #Cauvery #kaveri #bengalurudiaries #cauverywildlifesanctuary #savekaveri #savethemahseer #savemahseer #carpfishing #anglingforconservation #anglin...",Cauvery Wildlife Sanctuary,"Karnataka, Cauvery",2023-04-25,https://www.instagram.com/p/CrcWuCmrvu8/,386,1
Tor remadevii,Instagram_instagrapi_Free,torremadevii,"Two big reveals at the State Level Mahseer Workshop on the 17th.

We have got exciting news from the field. Two flagship programs that the Karnataka Forest Department and WASI have jointly embarked on this season. With the support of the Karnataka government, a concerted effort to study and stabilise humpback mahseer populations are underway.

Keep a look out for exciting field updates coming your...",Cauvery Wildlife Sanctuary,"Karnataka, Cauvery",2023-03-11,https://www.instagram.com/p/CpofuTkIzXo/,89,2
Tor remadevii,Instagram_instagrapi_Free,torremadevii,"The Greatest Mahseer in India, The Humpbacked Mahseer or also known as the Tor Remadevii. Tshirts are now available online. 

Link in Bio

#fishing #pesca #mancing #fish #tshirts #tshirtlovers #india #fishindia #garment #apparel #fashion #trending #mahseer #mahseerfishing #mahseerfishingindia #humpbackedmahseer #tor #torremadevii",,None detected,2022-12-16,https://www.instagram.com/p/CmONaSsO-8Z/,3,1
Tor remadevii,Instagram_instagrapi_Free,mahseer,#mahseer #sportangling #naturelovers #Meghalaya #garohills #weekend #sportfishing #fishingtrip #fishing #fishingislife #fishingaddict #fishinglovers #mahseerfishing #fishingindia #garohillsangling #meppsspinners #mepps #meppsaglia #abugarcia #abugarciaforlife,,None detected,2022-06-02,https://www.instagram.com/p/CeSwXJhliti/,112,0
Tor remadevii,Instagram_instagrapi_Free,mahseer,"Kiulu River Adventure with Extreme Anglers Custom Rod.
#pelian #kelah #mahseer #kiulu #fishing #topwater #casting #streamfishing #sabah #malaysia #frestwater #customrods #extremeanglers #eacustom #fishinglife #travel #friends #travelling #adventure #forest",Tuaran,None detected,2022-04-09,https://www.instagram.com/p/CcIN-eqPON2/,106,3
Tor remadevii,Instagram_instagrapi_Free,mahseer,#javasmallstream #mahseer #streamfishing,"Purwokerto, Jawa Tengah, Indonesia",None detected,2021-12-13,https://www.instagram.com/p/CXbLF4YgNHu/,185,4
Tor remadevii,Instagram_instagrapi_Free,torremadevii,"An iconic gesture by the Karnataka Forest Department, honouring the critically endangered Hump-backed Mahseer (Tor remadevii), which like other freshwater fish in the country, does not feature anywhere in the Indian Wildlife Protection Act (1972). 

#worldwildlifeweek2021

@wasiindia A proud moment!!! The Karnataka state releases a humpback mahseer stamp as a part of world wildlife week. This mark...",Cubbon Park Bangalore,"Karnataka, Cauvery",2021-10-02,https://www.instagram.com/p/CUh_aErP7RK/,6,0
Tor remadevii,Instagram_instagrapi_Free,torremadevii,"A proud moment!!! The Karnataka state releases a humpback mahseer stamp as a part of world wildlife week. This marks a milestone in mahseer conservation and draws attention to riverine conservation in the Cauvery !! 

Reposted from @aranya_kfd 2021 ರ 67 ನೇ ವನ್ಯಜೀವಿ ಸಪ್ತಾಹದ ಸಂದರ್ಭದಲ್ಲಿ ಕರ್ನಾಟಕದ ಗೌರವಾನ್ವಿತ ರಾಜ್ಯಪಾಲರಾದ ಶ್ರೀ ಥಾವರ್ ಚಂದ್ ಗೆಹ್ಲೋಟ್ ಅವರು ಹೈಕೋರ್ಟ್ ಆವರಣದಲ್ಲಿ ನಡೆದ ಕಾರ್ಯಕ್ರಮದಲ್ಲಿ ನಿರ್ಣಾಯಕವಾಗಿ ...",,"Karnataka, Cauvery",2021-10-02,https://www.instagram.com/p/CUh6UHZlRE1/,71,1
Tor remadevii,Instagram_instagrapi_Free,torremadevii,"#Repost @wasiindia (@get_repost)
・・・
We hope by now that this species doesn't need any introduction!

If it is new to you, do scan through the rest of our handle for information on the species. 
.
.
......................... 

The orange - finned mahseer, also known as the Tiger of Kaveri is named after its bright orange caudal fin. Endemic to the Western Ghats, this fish is found in the Kaveri ba...",,"Karnataka, Cauvery, Western Ghats, Western Ghat",2021-05-26,https://www.instagram.com/p/CPU28uKg9UH/,64,0
Tor remadevii,Instagram_instagrapi_Free,torremadevii,"We hope by now that this species doesn't need any introduction!

If it is new to you, do scan through the rest of our handle for information on the species. 
.
.
.
.
.
.
.
.
.
.
.
.
.
.
#humpbackmahseer #criticallyendangered #cauverywildlifesanctuary #sathyamangalam #cauveryriver #karnataka #karnatakatourism #wildkarnataka #earthfocus #earthcapture #nature #fishingislife #angling #torremadevii #to...","Sathyamangalam, India","Karnataka, Cauvery",2021-05-11,https://www.instagram.com/p/COt9u2mAncL/,112,1
Tor remadevii,Instagram_instagrapi_Free,torremadevii,"The early misty morning, fishing with bait
 Getting ready to make breakfast with @raghuramgb 

#kaveri #kaverimornings #mahseer #mahseerfishing #torremadevii #cws #coorgwildlife
#coorwildlifesociety 

@karnatakaworld @coorg_the_scotland_of_india",,Karnataka,2021-02-24,https://www.instagram.com/p/CLqQpDrFND_/,131,5
Tor remadevii,Instagram_instagrapi_Free,mahseer,"ความฝันของเด็กชายไผ่ 
เค้ามีฝันที่จะได้รู้จักปลาในคลองแถวบ้าน เค้าอยากเห็นมันชัดๆ เค้าก็พยายามหาทางจับมันมาให้ได้ ถึงกับบอกพ่อให้ขุดบ่อไว้ในบ้านเพื่อเอาปลาที่จับได้บ้าง ซื้อมาบ้าง มาปล่อยแล้วเฝ้าดูพฤติกรรมของมัน ซื้อหนังสือการเพาะพันธุ์ปลาต่างๆมาอ่าน ลองเพาะพันธุ์ปลากัดแต่ก็ไม่สำเร็จ ที่รู้สึกสำเร็จที่สุดคือการไปซื้อปลาสอดมาจากจตุจักรแล้วเลือกตัวที่มันอ้วนๆ ใส่ถุงกลับบ้าน แล้วมันออกลูกในถุงก่อนถึง...",,None detected,2021-01-09,https://www.instagram.com/p/CJ0Kp7Ysuv0/,4761,21
Tor remadevii,Instagram_instagrapi_Free,torremadevii,"Our search for these orange fins have taken us to astonishing locations in the Cauvery river basin. Over 100 dams and barrages are scattered across the basin making it one of India's most exploited river systems. It is no surprise that this species, like many other freshwater inhabitants, have disappeared from nearly 90% of their home range. 

For us humans, what is 'out of sight' is generally 'ou...",Moyar River,"Karnataka, Cauvery",2020-11-20,https://www.instagram.com/p/CHzENFmAK8B/,146,0
Tor remadevii,Instagram_instagrapi_Free,torremadevii,"In memory of a humpback mahseer that would remain the largest known for 64 years, 11months and 9 days. 

On the 22nd of March 1946, J deWet van Ingen of Mysore took a trip to the upper regions of the Kabini. Equipped with a coracle (local boat), rod-line and 'atta' for bait, he returned to his camp with a mahseer weighing in at 54.43 kilograms. An all India record.

This fish would go on to popula...",Kabini,"Karnataka, Cauvery",2020-09-22,https://www.instagram.com/p/CFbnUgpgCP8/,136,3
Tor remadevii,Instagram_instagrapi_Free,torremadevii,"A rare natural history moment that has perhaps never been witnessed by any human is brought out through this fantastic sculpture by one of our members @pelagicderek.

Here, an adult humpback mahseer preys on a garra (fish) that is perched in a rocky rapid. 

Simply fantastic!
.
.
.
.
.
.
.
.
.
.
.
.
.
.
.
.
.
#humpbackmahseer #torremadevii #rivermonsters #megafauna #legend #cauveryriver #savemahse...",,"Karnataka, Cauvery",2020-09-02,https://www.instagram.com/p/CEnjP9alJfC/,57,0
Tor remadevii,Instagram_instagrapi_Free,torremadevii,"Humpback mahseer on a sandbar.
.
.
.
.
.
.
.
.
.
.
.
.
.
#habitat #rivers #nammamahseer #bengalurudiaries #nammabengaluru #bengalurufoodies #mysuru #karnataka #wildindia #wildlife_perfection #photography #underwaterphotography #underwaterworld #underwaterpic #worldwildlife #earthcapture #bbcearth #natgeo #natgeotravel #earth #freshwaterfish #freshwater #cleanwater #ecosystem #ecofriendly  #humpbac...",Cauvery Wildlife Sanctuary,"Karnataka, Cauvery",2020-07-31,https://www.instagram.com/p/CDSu_8qgigq/,79,0
Tor remadevii,Instagram_instagrapi_Free,torremadevii,"Six months ago, we went and did this!

We teamed up with the @blrcreativecircus and built a 40ft long humpback mahseer as a part of our ""namma mahseer"" awareness campaign. 

After 15 days of work, 60 volunteers, 4000 cd's, 40 discarded car tyres and a whole lot of fun, we were left with this. Enjoy the pictures and video!

Keep a look out for the Namma mahseer art installation when you visit impor...",,"Karnataka, Cauvery",2020-07-08,https://www.instagram.com/p/CCX-BCplR2n/,113,7
Tor remadevii,Instagram_instagrapi_Free,mahseer,"Mahseer swimming in the shallows of a river in North Karnataka. The species has suffered severe population decline in much of its distribution range and is now considered threatened due to pollution, habitat loss and over-fishing.

Photograph: Umeed Mistry (@umeed.mistry)

Location: Bhimgad Wildlife Sanctuary, Karnataka

This image was part of the Deciduous Forests category in The Wild Nation exhi...",,Karnataka,2020-06-27,https://www.instagram.com/p/CB8Ncl7gQPv/,3300,25
Tor remadevii,Instagram_instagrapi_Free,torremadevii,"The Noah's ark from Indian Mythology

The legend of ‘Matsya' is a fascinating parable from Indian mythology. Some people believe that the fish in the story can be equated to the Mahseer. It is thought that the name 'Mahseer' is derived from Matsya (meaning fish); one of 10 incarnations of lord Vishnu.
.
.
The gods, having observed people getting irreligious and disorderly collectively decided to p...",,None detected,2020-05-19,https://www.instagram.com/p/CAYV0O_FlFr/,37,2
Tor remadevii,Instagram_instagrapi_Free,torremadevii,"Mahseer scales are fascinating. This one, illuminated by a flashlight offers a fantastic photograph. The scales are large and have a ton of detail.

Mahseer scales serve an overall protective function and cover the entire body except the head and fins. They are tough and leathery and overlap with each other. Being attached to the skin at just one point, they offer flexibility by sliding over one a...",,"Karnataka, Cauvery",2020-05-14,https://www.instagram.com/p/CAJpMKIgjh7/,64,0
Tor remadevii,Instagram_instagrapi_Free,mahseer,"D R A G O N'S • G O L D
Giant golden mahseer in restricted rivers in Bhutan, choppers, jungles, @ISherbovich and @KeithRoseInnesFlyfishing in the season's hottest camo pyjamas - what's not to like? The full film just dropped (link in bio). •
•
•
•
•

#thecultofflyfishing
#flyfishing
#mahseer
#bhutan",,None detected,2020-04-06,https://www.instagram.com/p/B-oppn_jfj-/,767,11
Tor remadevii,Instagram_instagrapi_Free,torremadevii,"20 of the largest Humpback Mahseer of the Cauvery river, Karnataka, published (1978) by WASI in our magazine ""Wildlife"". These historical time stamps are our only reminder of the unique aquatic wildlife the Cauvery river used to host.

Today's Cauvery river with her various stressors can no longer host such magnificent aquatic fauna.

What have we done?
.
.
.
.
#humpbackmahseer #cauveryriver #mahs...",,"Karnataka, Cauvery",2020-04-01,https://www.instagram.com/p/B-cLq_clVEJ/,30,0
Tor remadevii,Instagram_instagrapi_Free,torremadevii,"My second sculpture after lockdown. A tribute to the dwindling population of the Tor remadevii (Kaveri humpbacked Mahseer). Handmade sculpture made with Sculpey polymer clay.

@mahseertrust @wasiindia @mahseerconference @sculpey_official

#mahseertrust #sculpey #sculpture #mahseerfishingindia #mahseer #tor #torremadevii #humpbackmahseer #humpback #humpbacked #humpbackedmahseer",,None detected,2020-03-31,https://www.instagram.com/p/B-Z-HuEAtG3/,190,16
Tor remadevii,Instagram_instagrapi_Free,mahseer,"May 2019, Bhutan. AST Golden Mahseer Expedition. Will remember forever! 🇧🇹// Бутан 2019, экспедиция за золотым махсиром, незабываемые впечатления! @keithroseinnesflyfishing @atlanticsalmontravel @ponoiriverco #goldenmahseeronfly #catchandrelease #bhutan #goldenmahseer #mahseer #bhutan #flyfishingbhutan #поймалотпусти #золотоймахсир #бутан #гималаи #astexpeditions // expedition logo by @nate.karnes",,None detected,2019-10-31,https://www.instagram.com/p/B4SOD8BoViK/,1262,18
Tor remadevii,Instagram_instagrapi_Free,mahseer,"Have you seen the #Tiger among fish? 
India is home to 15 of 47 species of these #aquatic tigers- #Golden #Mahseer.
.
.
State #fish of #Uttarakhand, the endangered #GoldenMahaseer is getting their own #Conservation #Action #plan. 
To know more, click the link in our bio.

Picture credits: @me_arjit",,None detected,2019-09-02,https://www.instagram.com/p/B16I3wBhMif/,1054,5
Tor remadevii,Instagram_instagrapi_Free,mahseer,"🌍 You might see a beautiful fish... I see an amazing story behind it... every fish, every moment of our lifes has it´s own value... there are some moments I will never forget and they will be always deep in my heart. .
.
🇨🇿 Možná vidíte krásnou rybu...já vidím neskutečný příběh, který stál za jejím ulovením...každá ryba, každý okamžik má svou hodnotu... na mnohé z nich nikdy nezapomenu a budou vžd...",India,None detected,2019-07-31,https://www.instagram.com/p/B0l2iLrosrb/,3955,46
Tor remadevii,Instagram_instagrapi_Free,mahseer,"#Tor putitora, the Putitor mahseer, #Himalayan mahseer, or #golden mahseer, is an #endangeredspecies of #cyprinid fish that is found in rapid streams, riverine pools, and lakes in the Himalayan region and southern Asia, ranging from #Iran south to #SriLanka, and east to #Thailand. It is a popular #gamefish, the largest species of #mahseer, and can reach up to 2.75 m (9.0 ft) in length and 54 kg (1...",,None detected,2019-02-21,https://www.instagram.com/p/BuJT30jH2Ou/,545,6
Tor remadevii,Instagram_instagrapi_Free,mahseer,"Miss @sannakoljonen from 🇫🇮
#eatsleepfish #flyfishingnation #flyfishingaddict #flyfishing #flyfishingjunkie #mahseer #dryfly #dryordie #nymphing #borneoflyfishingoutfitters",,None detected,2019-02-03,https://www.instagram.com/p/BtaNhiklb24/,163,3
Tor remadevii,Instagram_instagrapi_Free,mahseer,"Pelian or Golden Mahseer from Borneo! Beautiful fish presented by our friend in Malaysia @dron_lee - photo by Julio Dino - Thanks for sharing!
•
•
•
•
#mahseer #flyordie #flugfiske #perhokalastus #mahseerfishing #flyfishingjunkie #flyordie #loonoutdoors #fliegenfischen #fluefiske #flyfishingnation #ahrex #ahrexhooks #ahrexfreshwater #flyfishing #fluefiskeri #dryfly #pescaconmosca #flyfishingphotog...",,None detected,2018-10-24,https://www.instagram.com/p/BpTcSw3D_Mm/,1133,6
Tor remadevii,Instagram_instagrapi_Free,mahseer,"Beautiful Mahseer.
#goldenmahseer #mahseer #nepal #india #fishing #carp #carpfishing #peche #travelfishing #beautifulfish #jungle #junglefishing #adventure #海外旅行 #釣り #鯉 #travelrod #パックロッド #transecendence #shimanoreels #zenaq #lurefishing #meps #northface #patagonia #colombia",,None detected,2018-05-21,https://www.instagram.com/p/BjBz_UYhgn3/,572,9
Tor remadevii,Instagram_instagrapi_Free,mahseer,"Potensi Wild Fishing di Kab Kutai Kartanegara, di salah satu Kecamatan paling utara, yakni Kecamatan Tabang. Om cele dah duluan, tinggal akunya beluman. 
Cc @kayujabok @anisa_tresia bila etam?

#Repost @omcele (@get_repost)
・・・
yang begini bikin mau kesana lagi, dari tenggarong 13 jam menuju lokasi #rivermonster #mahseer #wildfishing #tebelak #sapan #tabang #borneo #semah #kelah",,None detected,2017-08-04,https://www.instagram.com/p/BXXwgzFjc-v/,1263,33
Tor remadevii,Instagram_instagrapi_Free,mahseer,"Flyfishing for the balance of life 
#flyfishing #flies #nymphing #mahseer #findingmahseer #stone #balance #instafishing #rod #iphone #blackandwhitephotography #bw #vsco #vscocam #instavsco #instagram #indonesia",Central Java,None detected,2017-07-08,https://www.instagram.com/p/BWRiUDJBtVS/,128,5
